Players,Stacks,Scenario,Hero,Villain,,As,Ks,Qs,Js,Ts,9s,8s,7s,6s,5s,4s,3s,2s,,
6,100,Open,LJ,,Ao,R,R,R,R,R,R,R,R,R,R,R,R,R,,OPEN
,,,,,Ko,R,R,R,R,R,R,R,R,R,R,,,,,
,,,,,Qo,R,R,R,R,R,R,,,,,,,,,
,,,,,Jo,R,R,R,R,R,,,,,,,,,,
,,,,,To,R,,,,R,R,,,,,,,,,
,,,,,9o,,,,,,R,,,,,,,,,
,,,,,8o,,,,,,,R,,,,,,,,
,,,,,7o,,,,,,,,R,,,,,,,
,,,,,6o,,,,,,,,,,,,,,,
,,,,,5o,,,,,,,,,,,,,,,
,,,,,4o,,,,,,,,,,,,,,,
,,,,,3o,,,,,,,,,,,,,,,
,,,,,2o,,,,,,,,,,,,,,,
Players,Stacks,Scenario,Hero,Villain,,As,Ks,Qs,Js,Ts,9s,8s,7s,6s,5s,4s,3s,2s,,
6,100,Open,HJ,,Ao,R,R,R,R,R,R,R,R,R,R,R,R,R,,
,,,,,Ko,R,R,R,R,R,R,R,R,R,R,,,,,
,,,,,Qo,R,R,R,R,R,R,R,,,,,,,,
,,,,,Jo,R,R,R,R,R,R,,,,,,,,,
,,,,,To,R,R,R,,R,R,,,,,,,,,
,,,,,9o,R,,,,,R,,,,,,,,,
,,,,,8o,,,,,,,R,,,,,,,,
,,,,,7o,,,,,,,,R,,,,,,,
,,,,,6o,,,,,,,,,R,,,,,,
,,,,,5o,,,,,,,,,,,,,,,
,,,,,4o,,,,,,,,,,,,,,,
,,,,,3o,,,,,,,,,,,,,,,
,,,,,2o,,,,,,,,,,,,,,,
Players,Stacks,Scenario,Hero,Villain,,As,Ks,Qs,Js,Ts,9s,8s,7s,6s,5s,4s,3s,2s,,
6,100,Open,CO,,Ao,R,R,R,R,R,R,R,R,R,R,R,R,R,,
,,,,,Ko,R,R,R,R,R,R,R,R,R,R,R,R,,,
,,,,,Qo,R,R,R,R,R,R,R,R,R,R,,,,,
,,,,,Jo,R,R,R,R,R,R,R,R,,,,,,,
,,,,,To,R,R,R,R,R,R,R,,,,,,,,
,,,,,9o,R,R,,,,R,R,,,,,,,,
,,,,,8o,R,,,,,,R,,,,,,,,
,,,,,7o,,,,,,,,R,,,,,,,
,,,,,6o,,,,,,,,,R,,,,,,
,,,,,5o,,,,,,,,,,R,,,,,
,,,,,4o,,,,,,,,,,,R,,,,
,,,,,3o,,,,,,,,,,,,R,,,
,,,,,2o,,,,,,,,,,,,,R,,
Players,Stacks,Scenario,Hero,Villain,,As,Ks,Qs,Js,Ts,9s,8s,7s,6s,5s,4s,3s,2s,,
6,100,Open,BTN,,Ao,R,R,R,R,R,R,R,R,R,R,R,R,R,,
,,,,,Ko,R,R,R,R,R,R,R,R,R,R,R,R,R,,
,,,,,Qo,R,R,R,R,R,R,R,R,R,R,R,R,R,,
,,,,,Jo,R,R,R,R,R,R,R,R,R,R,R,,,,
,,,,,To,R,R,R,R,R,R,R,R,R,,,,,,
,,,,,9o,R,R,R,R,R,R,R,R,R,,,,,,
,,,,,8o,R,R,,,,,R,R,R,,,,,,
,,,,,7o,R,,,,,,,R,R,R,,,,,
,,,,,6o,R,,,,,,,,R,R,,,,,
,,,,,5o,R,,,,,,,,,R,R,,,,
,,,,,4o,R,,,,,,,,,,R,,,,
,,,,,3o,R,,,,,,,,,,,R,,,
,,,,,2o,,,,,,,,,,,,,R,,
Players,Stacks,Scenario,Hero,Villain,,As,Ks,Qs,Js,Ts,9s,8s,7s,6s,5s,4s,3s,2s,,
6,100,Open,SB,,Ao,R,R,R,R,R,R,R,R,R,R,R,R,R,,
,,,,,Ko,R,R,R,R,R,R,R,R,R,R,R,R,R,,
,,,,,Qo,R,R,R,R,R,R,R,R,R,R,R,R,R,,
,,,,,Jo,R,R,R,R,R,R,R,R,R,R,R,,,,
,,,,,To,R,R,R,R,R,R,R,R,R,,,,,,
,,,,,9o,R,R,R,R,R,R,R,R,R,,,,,,
,,,,,8o,R,R,,,,,R,R,R,,,,,,
,,,,,7o,R,,,,,,,R,R,R,,,,,
,,,,,6o,R,,,,,,,,R,R,,,,,
,,,,,5o,R,,,,,,,,,R,R,,,,
,,,,,4o,R,,,,,,,,,,R,,,,
,,,,,3o,R,,,,,,,,,,,R,,,
,,,,,2o,,,,,,,,,,,,,R,,
Players,Stacks,Scenario,Hero,Villain,,As,Ks,Qs,Js,Ts,9s,8s,7s,6s,5s,4s,3s,2s,,VS RAISE
6,100,vs Raise,HJ,LJ,Ao,R,R,R,R,R,R,F,F,F,R,R,F,F,,
,,,,,Ko,R,R,R,R,R,F,F,F,F,F,F,F,F,,
,,,,,Qo,R,R,R,R,F,F,F,F,F,F,F,F,F,,
,,,,,Jo,F,F,F,R,F,F,F,F,F,F,F,F,F,,
,,,,,To,F,F,F,F,F,F,F,F,F,F,F,F,F,,
,,,,,9o,F,F,F,F,F,F,F,F,F,F,F,F,F,,
,,,,,8o,F,F,F,F,F,F,F,F,F,F,F,F,F,,
,,,,,7o,F,F,F,F,F,F,F,F,F,F,F,F,F,,
,,,,,6o,F,F,F,F,F,F,F,F,F,F,F,F,F,,
,,,,,5o,F,F,F,F,F,F,F,F,F,F,F,F,F,,
,,,,,4o,F,F,F,F,F,F,F,F,F,F,F,F,F,,
,,,,,3o,F,F,F,F,F,F,F,F,F,F,F,F,F,,
,,,,,2o,F,F,F,F,F,F,F,F,F,F,F,F,F,,
Players,Stacks,Scenario,Hero,Villain,,As,Ks,Qs,Js,Ts,9s,8s,7s,6s,5s,4s,3s,2s,,
6,100,vs Raise,CO,LJ,Ao,R,R,R,R,R,R,F,F,F,R,R,F,F,,
,,,,,Ko,R,R,R,R,R,F,F,F,F,F,F,F,F,,
,,,,,Qo,R,R,R,R,F,F,F,F,F,F,F,F,F,,
,,,,,Jo,F,F,F,R,F,F,F,F,F,F,F,F,F,,
,,,,,To,F,F,F,F,R,F,F,F,F,F,F,F,F,,
,,,,,9o,F,F,F,F,F,F,F,F,F,F,F,F,F,,
,,,,,8o,F,F,F,F,F,F,F,F,F,F,F,F,F,,
,,,,,7o,F,F,F,F,F,F,F,F,F,F,F,F,F,,
,,,,,6o,F,F,F,F,F,F,F,F,F,F,F,F,F,,
,,,,,5o,F,F,F,F,F,F,F,F,F,F,F,F,F,,
,,,,,4o,F,F,F,F,F,F,F,F,F,F,F,F,F,,
,,,,,3o,F,F,F,F,F,F,F,F,F,F,F,F,F,,
,,,,,2o,F,F,F,F,F,F,F,F,F,F,F,F,F,,
Players,Stacks,Scenario,Hero,Villain,,As,Ks,Qs,Js,Ts,9s,8s,7s,6s,5s,4s,3s,2s,,
6,100,vs Raise,CO,HJ,Ao,R,R,R,R,R,R,R,F,F,R,R,F,F,,
,,,,,Ko,R,R,R,R,R,F,F,F,F,F,F,F,F,,
,,,,,Qo,R,R,R,R,F,F,F,F,F,F,F,F,F,,
,,,,,Jo,R,F,F,R,F,F,F,F,F,F,F,F,F,,
,,,,,To,F,F,F,F,R,F,F,F,F,F,F,F,F,,
,,,,,9o,F,F,F,F,F,F,F,F,F,F,F,F,F,,
,,,,,8o,F,F,F,F,F,F,F,F,F,F,F,F,F,,
,,,,,7o,F,F,F,F,F,F,F,F,F,F,F,F,F,,
,,,,,6o,F,F,F,F,F,F,F,F,F,F,F,F,F,,
,,,,,5o,F,F,F,F,F,F,F,F,F,F,F,F,F,,
,,,,,4o,F,F,F,F,F,F,F,F,F,F,F,F,F,,
,,,,,3o,F,F,F,F,F,F,F,F,F,F,F,F,F,,
,,,,,2o,F,F,F,F,F,F,F,F,F,F,F,F,F,,
Players,Stacks,Scenario,Hero,Villain,,As,Ks,Qs,Js,Ts,9s,8s,7s,6s,5s,4s,3s,2s,,
6,100,vs Raise,BTN,LJ,Ao,R,R,R,R,R,R,F,F,F,R,R,F,F,,
,,,,,Ko,R,R,R,R,R,F,F,F,F,F,F,F,F,,
,,,,,Qo,R,R,R,R,F,F,F,F,F,F,F,F,F,,
,,,,,Jo,F,F,F,R,F,F,F,F,F,F,F,F,F,,
,,,,,To,F,F,F,F,R,F,F,F,F,F,F,F,F,,
,,,,,9o,F,F,F,F,F,C,C,F,F,F,F,F,F,,
,,,,,8o,F,F,F,F,F,F,C,C,F,F,F,F,F,,
,,,,,7o,F,F,F,F,F,F,F,C,C,F,F,F,F,,
,,,,,6o,F,F,F,F,F,F,F,F,C,C,F,F,F,,
,,,,,5o,F,F,F,F,F,F,F,F,F,C,C,F,F,,
,,,,,4o,F,F,F,F,F,F,F,F,F,F,C,F,F,,
,,,,,3o,F,F,F,F,F,F,F,F,F,F,F,F,F,,
,,,,,2o,F,F,F,F,F,F,F,F,F,F,F,F,F,,
Players,Stacks,Scenario,Hero,Villain,,As,Ks,Qs,Js,Ts,9s,8s,7s,6s,5s,4s,3s,2s,,
6,100,vs Raise,BTN,HJ,Ao,R,R,R,R,R,R,R,F,F,R,R,F,F,,
,,,,,Ko,R,R,R,R,R,F,F,F,F,F,F,F,F,,
,,,,,Qo,R,R,R,R,F,F,F,F,F,F,F,F,F,,
,,,,,Jo,R,F,F,R,F,F,F,F,F,F,F,F,F,,
,,,,,To,F,F,F,F,R,F,F,F,F,F,F,F,F,,
,,,,,9o,F,F,F,F,F,C,C,F,F,F,F,F,F,,
,,,,,8o,F,F,F,F,F,F,C,C,F,F,F,F,F,,
,,,,,7o,F,F,F,F,F,F,F,C,C,F,F,F,F,,
,,,,,6o,F,F,F,F,F,F,F,F,C,F,F,F,F,,
,,,,,5o,F,F,F,F,F,F,F,F,F,C,F,F,F,,
,,,,,4o,F,F,F,F,F,F,F,F,F,F,F,F,F,,
,,,,,3o,F,F,F,F,F,F,F,F,F,F,F,F,F,,
,,,,,2o,F,F,F,F,F,F,F,F,F,F,F,F,F,,
Players,Stacks,Scenario,Hero,Villain,,As,Ks,Qs,Js,Ts,9s,8s,7s,6s,5s,4s,3s,2s,,
6,100,vs Raise,BTN,CO,Ao,R,R,R,R,R,R,F,F,F,R,R,F,F,,
,,,,,Ko,R,R,R,R,R,R,F,F,F,F,F,F,F,,
,,,,,Qo,R,R,R,R,R,F,F,F,F,F,F,F,F,,
,,,,,Jo,R,R,R,R,R,F,F,F,F,F,F,F,F,,
,,,,,To,R,F,F,F,R,F,F,F,F,F,F,F,F,,
,,,,,9o,F,F,F,F,F,C,C,F,F,F,F,F,F,,
,,,,,8o,F,F,F,F,F,F,C,C,F,F,F,F,F,,
,,,,,7o,F,F,F,F,F,F,F,C,C,F,F,F,F,,
,,,,,6o,F,F,F,F,F,F,F,F,F,F,F,F,F,,
,,,,,5o,F,F,F,F,F,F,F,F,F,F,F,F,F,,
,,,,,4o,F,F,F,F,F,F,F,F,F,F,F,F,F,,
,,,,,3o,F,F,F,F,F,F,F,F,F,F,F,F,F,,
,,,,,2o,F,F,F,F,F,F,F,F,F,F,F,F,F,,
Players,Stacks,Scenario,Hero,Villain,,As,Ks,Qs,Js,Ts,9s,8s,7s,6s,5s,4s,3s,2s,,
6,100,vs Raise,SB,LJ,Ao,R,R,R,R,R,R,F,F,F,R,R,F,F,,
,,,,,Ko,R,R,R,R,R,F,F,F,F,F,F,F,F,,
,,,,,Qo,R,F,R,R,F,F,F,F,F,F,F,F,F,,
,,,,,Jo,F,F,F,R,F,F,F,F,F,F,F,F,F,,
,,,,,To,F,F,F,F,R,F,F,F,F,F,F,F,F,,
,,,,,9o,F,F,F,F,F,F,F,F,F,F,F,F,F,,
,,,,,8o,F,F,F,F,F,F,F,F,F,F,F,F,F,,
,,,,,7o,F,F,F,F,F,F,F,F,F,F,F,F,F,,
,,,,,6o,F,F,F,F,F,F,F,F,F,F,F,F,F,,
,,,,,5o,F,F,F,F,F,F,F,F,F,F,F,F,F,,
,,,,,4o,F,F,F,F,F,F,F,F,F,F,F,F,F,,
,,,,,3o,F,F,F,F,F,F,F,F,F,F,F,F,F,,
,,,,,2o,F,F,F,F,F,F,F,F,F,F,F,F,F,,
Players,Stacks,Scenario,Hero,Villain,,As,Ks,Qs,Js,Ts,9s,8s,7s,6s,5s,4s,3s,2s,,
6,100,vs Raise,SB,HJ,Ao,R,R,R,R,R,R,F,F,F,R,R,F,F,,
,,,,,Ko,R,R,R,R,R,F,F,F,F,F,F,F,F,,
,,,,,Qo,R,R,R,R,F,F,F,F,F,F,F,F,F,,
,,,,,Jo,R,F,F,R,F,F,F,F,F,F,F,F,F,,
,,,,,To,F,F,F,F,R,F,F,F,F,F,F,F,F,,
,,,,,9o,F,F,F,F,F,F,F,F,F,F,F,F,F,,
,,,,,8o,F,F,F,F,F,F,F,F,F,F,F,F,F,,
,,,,,7o,F,F,F,F,F,F,F,F,F,F,F,F,F,,
,,,,,6o,F,F,F,F,F,F,F,F,F,F,F,F,F,,
,,,,,5o,F,F,F,F,F,F,F,F,F,F,F,F,F,,
,,,,,4o,F,F,F,F,F,F,F,F,F,F,F,F,F,,
,,,,,3o,F,F,F,F,F,F,F,F,F,F,F,F,F,,
,,,,,2o,F,F,F,F,F,F,F,F,F,F,F,F,F,,
Players,Stacks,Scenario,Hero,Villain,,As,Ks,Qs,Js,Ts,9s,8s,7s,6s,5s,4s,3s,2s,,
6,100,vs Raise,SB,CO,Ao,R,R,R,R,R,R,F,F,F,R,R,R,F,,
,,,,,Ko,R,R,R,R,R,F,F,F,F,F,F,F,F,,
,,,,,Qo,R,R,R,R,R,F,F,F,F,F,F,F,F,,
,,,,,Jo,R,R,F,R,R,F,F,F,F,F,F,F,F,,
,,,,,To,F,F,F,F,R,F,F,F,F,F,F,F,F,,
,,,,,9o,F,F,F,F,F,R,F,F,F,F,F,F,F,,
,,,,,8o,F,F,F,F,F,F,F,F,F,F,F,F,F,,
,,,,,7o,F,F,F,F,F,F,F,F,F,F,F,F,F,,
,,,,,6o,F,F,F,F,F,F,F,F,F,F,F,F,F,,
,,,,,5o,F,F,F,F,F,F,F,F,F,F,F,F,F,,
,,,,,4o,F,F,F,F,F,F,F,F,F,F,F,F,F,,
,,,,,3o,F,F,F,F,F,F,F,F,F,F,F,F,F,,
,,,,,2o,F,F,F,F,F,F,F,F,F,F,F,F,F,,
Players,Stacks,Scenario,Hero,Villain,,As,Ks,Qs,Js,Ts,9s,8s,7s,6s,5s,4s,3s,2s,,
6,100,vs Raise,SB,BTN,Ao,R,R,R,R,R,R,R,R,R,R,R,R,F,,
,,,,,Ko,R,R,R,R,R,F,F,F,F,F,F,F,F,,
,,,,,Qo,R,R,R,R,R,F,F,F,F,F,F,F,F,,
,,,,,Jo,R,R,F,R,R,F,F,F,F,F,F,F,F,,
,,,,,To,R,F,F,F,R,R,F,F,F,F,F,F,F,,
,,,,,9o,F,F,F,F,F,R,F,F,F,F,F,F,F,,
,,,,,8o,F,F,F,F,F,F,R,F,F,F,F,F,F,,
,,,,,7o,F,F,F,F,F,F,F,R,F,F,F,F,F,,
,,,,,6o,F,F,F,F,F,F,F,F,F,F,F,F,F,,
,,,,,5o,F,F,F,F,F,F,F,F,F,F,F,F,F,,
,,,,,4o,F,F,F,F,F,F,F,F,F,F,F,F,F,,
,,,,,3o,F,F,F,F,F,F,F,F,F,F,F,F,F,,
,,,,,2o,F,F,F,F,F,F,F,F,F,F,F,F,F,,
Players,Stacks,Scenario,Hero,Villain,,As,Ks,Qs,Js,Ts,9s,8s,7s,6s,5s,4s,3s,2s,,
6,100,vs Raise,BB,LJ,Ao,R,R,R,R,R,C,C,C,C,R,R,C,C,,
,,,,,Ko,R,R,R,R,C,C,C,C,C,C,C,C,F,,
,,,,,Qo,C,R,R,C,C,C,C,C,F,F,F,F,F,,
,,,,,Jo,C,F,F,C,C,C,C,F,F,F,F,F,F,,
,,,,,To,C,F,F,F,C,C,C,C,F,F,F,F,F,,
,,,,,9o,F,F,F,F,F,C,C,C,C,F,F,F,F,,
,,,,,8o,F,F,F,F,F,F,C,C,C,F,F,F,F,,
,,,,,7o,F,F,F,F,F,F,F,C,C,C,F,F,F,,
,,,,,6o,F,F,F,F,F,F,F,F,C,C,C,F,F,,
,,,,,5o,F,F,F,F,F,F,F,F,F,C,C,C,F,,
,,,,,4o,F,F,F,F,F,F,F,F,F,F,C,C,F,,
,,,,,3o,F,F,F,F,F,F,F,F,F,F,F,C,F,,
,,,,,2o,F,F,F,F,F,F,F,F,F,F,F,F,C,,
Players,Stacks,Scenario,Hero,Villain,,As,Ks,Qs,Js,Ts,9s,8s,7s,6s,5s,4s,3s,2s,,
6,100,vs Raise,BB,HJ,Ao,R,R,R,C,C,C,C,C,R,R,R,R,R,,
,,,,,Ko,R,R,C,C,C,C,C,C,R,R,R,R,R,,
,,,,,Qo,C,R,R,C,C,C,C,C,F,F,F,F,F,,
,,,,,Jo,C,C,C,R,C,C,C,F,F,F,F,F,F,,
,,,,,To,C,F,F,F,C,C,C,C,F,F,F,F,F,,
,,,,,9o,F,F,F,F,F,C,C,C,C,F,F,F,F,,
,,,,,8o,F,F,F,F,F,F,C,C,C,C,F,F,F,,
,,,,,7o,F,F,F,F,F,F,F,C,C,C,F,F,F,,
,,,,,6o,F,F,F,F,F,F,F,F,C,C,C,F,F,,
,,,,,5o,F,F,F,F,F,F,F,F,F,C,C,C,F,,
,,,,,4o,F,F,F,F,F,F,F,F,F,F,C,C,F,,
,,,,,3o,F,F,F,F,F,F,F,F,F,F,F,C,F,,
,,,,,2o,F,F,F,F,F,F,F,F,F,F,F,F,C,,
Players,Stacks,Scenario,Hero,Villain,,As,Ks,Qs,Js,Ts,9s,8s,7s,6s,5s,4s,3s,2s,,
6,100,vs Raise,BB,CO,Ao,R,R,R,C,C,C,C,C,R,R,R,R,R,,
,,,,,Ko,R,R,C,C,C,C,C,C,R,R,R,R,R,,
,,,,,Qo,R,R,R,C,C,C,C,C,C,C,F,F,F,,
,,,,,Jo,R,C,C,R,C,C,C,C,C,F,F,F,F,,
,,,,,To,C,C,C,C,C,C,C,C,F,F,F,F,F,,
,,,,,9o,C,F,F,F,F,C,C,C,C,F,F,F,F,,
,,,,,8o,F,F,F,F,F,F,C,C,C,F,F,F,F,,
,,,,,7o,F,F,F,F,F,F,F,C,C,C,F,F,F,,
,,,,,6o,F,F,F,F,F,F,F,F,C,C,C,F,F,,
,,,,,5o,F,F,F,F,F,F,F,F,F,C,C,C,F,,
,,,,,4o,F,F,F,F,F,F,F,F,F,F,C,C,F,,
,,,,,3o,F,F,F,F,F,F,F,F,F,F,F,C,F,,
,,,,,2o,F,F,F,F,F,F,F,F,F,F,F,F,C,,
Players,Stacks,Scenario,Hero,Villain,,As,Ks,Qs,Js,Ts,9s,8s,7s,6s,5s,4s,3s,2s,,
6,100,vs Raise,BB,BTN,Ao,R,R,R,R,R,C,C,C,C,R,R,C,C,,
,,,,,Ko,R,R,R,R,R,R,C,C,C,C,C,C,C,,
,,,,,Qo,R,R,R,R,R,R,C,C,C,C,C,C,C,,
,,,,,Jo,R,R,C,R,R,R,R,C,C,C,C,F,F,,
,,,,,To,R,C,C,C,R,R,R,C,C,F,F,F,F,,
,,,,,9o,C,C,F,C,C,R,R,C,C,F,F,F,F,,
,,,,,8o,C,F,F,F,F,F,C,C,C,C,F,F,F,,
,,,,,7o,C,F,F,F,F,F,F,C,C,C,C,F,F,,
,,,,,6o,C,F,F,F,F,F,F,F,C,C,C,F,F,,
,,,,,5o,C,F,F,F,F,F,F,F,F,C,C,C,F,,
,,,,,4o,F,F,F,F,F,F,F,F,F,F,C,C,F,,
,,,,,3o,F,F,F,F,F,F,F,F,F,F,F,C,F,,
,,,,,2o,F,F,F,F,F,F,F,F,F,F,F,F,C,,
Players,Stacks,Scenario,Hero,Villain,,As,Ks,Qs,Js,Ts,9s,8s,7s,6s,5s,4s,3s,2s,,
6,100,vs Raise,BB,SB,Ao,R,R,R,R,R,C,C,C,C,R,R,C,C,,
,,,,,Ko,R,R,R,R,R,C,C,C,C,C,C,C,C,,
,,,,,Qo,R,C,R,R,C,C,C,C,C,C,C,C,C,,
,,,,,Jo,C,C,C,R,C,C,C,C,C,C,C,C,C,,
,,,,,To,C,C,C,C,R,C,C,C,C,R,R,R,R,,
,,,,,9o,C,C,C,C,C,C,C,C,C,C,F,F,F,,
,,,,,8o,C,C,R,F,C,F,C,C,C,C,C,F,F,,
,,,,,7o,R,R,F,F,F,F,F,C,C,C,C,F,F,,
,,,,,6o,R,R,F,F,F,F,F,F,C,C,C,C,F,,
,,,,,5o,R,R,F,F,F,F,F,F,F,C,C,C,C,,
,,,,,4o,R,F,F,F,F,F,F,F,F,F,C,C,C,,
,,,,,3o,R,F,F,F,F,F,F,F,F,F,F,C,C,,
,,,,,2o,R,F,F,F,F,F,F,F,F,F,F,F,C,,
Players,Stacks,Scenario,Hero,Villain,,As,Ks,Qs,Js,Ts,9s,8s,7s,6s,5s,4s,3s,2s,,VS 3BET
6,100,vs 3bet,LJ,HJ,Ao,R,R,C,C,C,F,F,F,F,R,R,F,F,,
,,,,,Ko,R,R,R,R,F,F,F,F,F,F,F,F,F,,
,,,,,Qo,F,F,R,F,F,F,F,F,F,F,F,F,F,,
,,,,,Jo,F,F,F,R,F,F,F,F,F,F,F,F,F,,
,,,,,To,F,F,F,F,C,F,F,F,F,F,F,F,F,,
,,,,,9o,F,F,F,F,F,C,F,F,F,F,F,F,F,,
,,,,,8o,F,F,F,F,F,F,C,F,F,F,F,F,F,,
,,,,,7o,F,F,F,F,F,F,F,F,F,F,F,F,F,,
,,,,,6o,F,F,F,F,F,F,F,F,F,F,F,F,F,,
,,,,,5o,F,F,F,F,F,F,F,F,F,F,F,F,F,,
,,,,,4o,F,F,F,F,F,F,F,F,F,F,F,F,F,,
,,,,,3o,F,F,F,F,F,F,F,F,F,F,F,F,F,,
,,,,,2o,F,F,F,F,F,F,F,F,F,F,F,F,F,,
Players,Stacks,Scenario,Hero,Villain,,As,Ks,Qs,Js,Ts,9s,8s,7s,6s,5s,4s,3s,2s,,
6,100,vs 3bet,LJ,CO,Ao,R,R,C,C,C,F,F,F,F,R,R,F,F,,
,,,,,Ko,R,R,R,R,R,F,F,F,F,F,F,F,F,,
,,,,,Qo,F,F,R,F,F,F,F,F,F,F,F,F,F,,
,,,,,Jo,F,F,F,R,F,F,F,F,F,F,F,F,F,,
,,,,,To,F,F,F,F,C,F,F,F,F,F,F,F,F,,
,,,,,9o,F,F,F,F,F,C,F,F,F,F,F,F,F,,
,,,,,8o,F,F,F,F,F,F,C,F,F,F,F,F,F,,
,,,,,7o,F,F,F,F,F,F,F,F,F,F,F,F,F,,
,,,,,6o,F,F,F,F,F,F,F,F,F,F,F,F,F,,
,,,,,5o,F,F,F,F,F,F,F,F,F,F,F,F,F,,
,,,,,4o,F,F,F,F,F,F,F,F,F,F,F,F,F,,
,,,,,3o,F,F,F,F,F,F,F,F,F,F,F,F,F,,
,,,,,2o,F,F,F,F,F,F,F,F,F,F,F,F,F,,
Players,Stacks,Scenario,Hero,Villain,,As,Ks,Qs,Js,Ts,9s,8s,7s,6s,5s,4s,3s,2s,,
6,100,vs 3bet,LJ,BTN,Ao,R,R,C,C,C,F,F,F,F,R,R,F,F,,
,,,,,Ko,R,R,R,R,R,F,F,F,F,F,F,F,F,,
,,,,,Qo,F,F,R,F,F,F,F,F,F,F,F,F,F,,
,,,,,Jo,F,F,F,R,F,F,F,F,F,F,F,F,F,,
,,,,,To,F,F,F,F,C,F,F,F,F,F,F,F,F,,
,,,,,9o,F,F,F,F,F,C,F,F,F,F,F,F,F,,
,,,,,8o,F,F,F,F,F,F,C,F,F,F,F,F,F,,
,,,,,7o,F,F,F,F,F,F,F,C,F,F,F,F,F,,
,,,,,6o,F,F,F,F,F,F,F,F,F,F,F,F,F,,
,,,,,5o,F,F,F,F,F,F,F,F,F,F,F,F,F,,
,,,,,4o,F,F,F,F,F,F,F,F,F,F,F,F,F,,
,,,,,3o,F,F,F,F,F,F,F,F,F,F,F,F,F,,
,,,,,2o,F,F,F,F,F,F,F,F,F,F,F,F,F,,
Players,Stacks,Scenario,Hero,Villain,,As,Ks,Qs,Js,Ts,9s,8s,7s,6s,5s,4s,3s,2s,,
6,100,vs 3bet,LJ,SB,Ao,R,R,C,C,C,F,F,F,F,R,R,F,F,,
,,,,,Ko,R,R,R,F,F,F,F,F,F,F,F,F,F,,
,,,,,Qo,F,F,C,F,F,F,F,F,F,F,F,F,F,,
,,,,,Jo,F,F,F,C,F,F,F,F,F,F,F,F,F,,
,,,,,To,F,F,F,F,C,F,F,F,F,F,F,F,F,,
,,,,,9o,F,F,F,F,F,C,F,F,F,F,F,F,F,,
,,,,,8o,F,F,F,F,F,F,C,F,F,F,F,F,F,,
,,,,,7o,F,F,F,F,F,F,F,F,F,F,F,F,F,,
,,,,,6o,F,F,F,F,F,F,F,F,F,F,F,F,F,,
,,,,,5o,F,F,F,F,F,F,F,F,F,F,F,F,F,,
,,,,,4o,F,F,F,F,F,F,F,F,F,F,F,F,F,,
,,,,,3o,F,F,F,F,F,F,F,F,F,F,F,F,F,,
,,,,,2o,F,F,F,F,F,F,F,F,F,F,F,F,F,,
Players,Stacks,Scenario,Hero,Villain,,As,Ks,Qs,Js,Ts,9s,8s,7s,6s,5s,4s,3s,2s,,
6,100,vs 3bet,LJ,BB,Ao,R,R,C,C,C,F,F,F,F,R,R,F,F,,
,,,,,Ko,R,R,C,C,F,F,F,F,F,F,F,F,F,,
,,,,,Qo,F,F,C,C,F,F,F,F,F,F,F,F,F,,
,,,,,Jo,F,F,F,C,F,F,F,F,F,F,F,F,F,,
,,,,,To,F,F,F,F,C,F,F,F,F,F,F,F,F,,
,,,,,9o,F,F,F,F,F,C,F,F,F,F,F,F,F,,
,,,,,8o,F,F,F,F,F,F,F,F,F,F,F,F,F,,
,,,,,7o,F,F,F,F,F,F,F,F,F,F,F,F,F,,
,,,,,6o,F,F,F,F,F,F,F,F,F,F,F,F,F,,
,,,,,5o,F,F,F,F,F,F,F,F,F,F,F,F,F,,
,,,,,4o,F,F,F,F,F,F,F,F,F,F,F,F,F,,
,,,,,3o,F,F,F,F,F,F,F,F,F,F,F,F,F,,
,,,,,2o,F,F,F,F,F,F,F,F,F,F,F,F,F,,
Players,Stacks,Scenario,Hero,Villain,,As,Ks,Qs,Js,Ts,9s,8s,7s,6s,5s,4s,3s,2s,,
6,100,vs 3bet,HJ,CO,Ao,R,R,C,C,C,F,F,F,F,R,F,F,F,,
,,,,,Ko,R,R,R,R,R,F,F,F,F,F,F,F,F,,
,,,,,Qo,R,F,R,F,F,F,F,F,F,F,F,F,F,,
,,,,,Jo,F,F,F,R,F,F,F,F,F,F,F,F,F,,
,,,,,To,F,F,F,F,C,F,F,F,F,F,F,F,F,,
,,,,,9o,F,F,F,F,F,C,F,F,F,F,F,F,F,,
,,,,,8o,F,F,F,F,F,F,C,F,F,F,F,F,F,,
,,,,,7o,F,F,F,F,F,F,F,F,F,F,F,F,F,,
,,,,,6o,F,F,F,F,F,F,F,F,F,F,F,F,F,,
,,,,,5o,F,F,F,F,F,F,F,F,F,F,F,F,F,,
,,,,,4o,F,F,F,F,F,F,F,F,F,F,F,F,F,,
,,,,,3o,F,F,F,F,F,F,F,F,F,F,F,F,F,,
,,,,,2o,F,F,F,F,F,F,F,F,F,F,F,F,F,,
Players,Stacks,Scenario,Hero,Villain,,As,Ks,Qs,Js,Ts,9s,8s,7s,6s,5s,4s,3s,2s,,
6,100,vs 3bet,HJ,BTN,Ao,R,R,C,C,C,F,F,F,F,R,F,F,F,,
,,,,,Ko,R,R,R,R,R,F,F,F,F,F,F,F,F,,
,,,,,Qo,R,F,R,F,F,F,F,F,F,F,F,F,F,,
,,,,,Jo,F,F,F,R,F,F,F,F,F,F,F,F,F,,
,,,,,To,F,F,F,F,C,F,F,F,F,F,F,F,F,,
,,,,,9o,F,F,F,F,F,C,F,F,F,F,F,F,F,,
,,,,,8o,F,F,F,F,F,F,C,F,F,F,F,F,F,,
,,,,,7o,F,F,F,F,F,F,F,C,F,F,F,F,F,,
,,,,,6o,F,F,F,F,F,F,F,F,F,F,F,F,F,,
,,,,,5o,F,F,F,F,F,F,F,F,F,F,F,F,F,,
,,,,,4o,F,F,F,F,F,F,F,F,F,F,F,F,F,,
,,,,,3o,F,F,F,F,F,F,F,F,F,F,F,F,F,,
,,,,,2o,F,F,F,F,F,F,F,F,F,F,F,F,F,,
Players,Stacks,Scenario,Hero,Villain,,As,Ks,Qs,Js,Ts,9s,8s,7s,6s,5s,4s,3s,2s,,
6,100,vs 3bet,HJ,SB,Ao,R,R,C,C,C,F,F,F,F,R,F,F,F,,
,,,,,Ko,R,R,R,R,R,F,F,F,F,F,F,F,F,,
,,,,,Qo,R,F,R,F,F,F,F,F,F,F,F,F,F,,
,,,,,Jo,F,F,F,R,F,F,F,F,F,F,F,F,F,,
,,,,,To,F,F,F,F,C,F,F,F,F,F,F,F,F,,
,,,,,9o,F,F,F,F,F,C,F,F,F,F,F,F,F,,
,,,,,8o,F,F,F,F,F,F,C,F,F,F,F,F,F,,
,,,,,7o,F,F,F,F,F,F,F,C,F,F,F,F,F,,
,,,,,6o,F,F,F,F,F,F,F,F,F,F,F,F,F,,
,,,,,5o,F,F,F,F,F,F,F,F,F,F,F,F,F,,
,,,,,4o,F,F,F,F,F,F,F,F,F,F,F,F,F,,
,,,,,3o,F,F,F,F,F,F,F,F,F,F,F,F,F,,
,,,,,2o,F,F,F,F,F,F,F,F,F,F,F,F,F,,
Players,Stacks,Scenario,Hero,Villain,,As,Ks,Qs,Js,Ts,9s,8s,7s,6s,5s,4s,3s,2s,,
6,100,vs 3bet,HJ,BB,Ao,R,R,C,C,C,F,F,F,F,R,F,F,F,,
,,,,,Ko,R,R,C,F,F,F,F,F,F,F,F,F,F,,
,,,,,Qo,R,F,C,F,F,F,F,F,F,F,F,F,F,,
,,,,,Jo,F,F,F,C,F,F,F,F,F,F,F,F,F,,
,,,,,To,F,F,F,F,C,F,F,F,F,F,F,F,F,,
,,,,,9o,F,F,F,F,F,C,F,F,F,F,F,F,F,,
,,,,,8o,F,F,F,F,F,F,C,F,F,F,F,F,F,,
,,,,,7o,F,F,F,F,F,F,F,C,F,F,F,F,F,,
,,,,,6o,F,F,F,F,F,F,F,F,F,F,F,F,F,,
,,,,,5o,F,F,F,F,F,F,F,F,F,F,F,F,F,,
,,,,,4o,F,F,F,F,F,F,F,F,F,F,F,F,F,,
,,,,,3o,F,F,F,F,F,F,F,F,F,F,F,F,F,,
,,,,,2o,F,F,F,F,F,F,F,F,F,F,F,F,F,,
Players,Stacks,Scenario,Hero,Villain,,As,Ks,Qs,Js,Ts,9s,8s,7s,6s,5s,4s,3s,2s,,
6,100,vs 3bet,CO,BTN,Ao,R,R,C,C,C,F,F,F,F,R,F,F,F,,
,,,,,Ko,R,R,C,C,C,F,F,F,F,F,F,F,F,,
,,,,,Qo,R,F,R,F,F,F,F,F,F,F,F,F,F,,
,,,,,Jo,R,F,F,R,R,F,F,F,F,F,F,F,F,,
,,,,,To,R,F,F,F,C,C,F,F,F,F,F,F,F,,
,,,,,9o,F,F,F,F,F,C,C,F,F,F,F,F,F,,
,,,,,8o,F,F,F,F,F,F,C,F,F,F,F,F,F,,
,,,,,7o,F,F,F,F,F,F,F,C,F,F,F,F,F,,
,,,,,6o,F,F,F,F,F,F,F,F,F,F,F,F,F,,
,,,,,5o,F,F,F,F,F,F,F,F,F,F,F,F,F,,
,,,,,4o,F,F,F,F,F,F,F,F,F,F,F,F,F,,
,,,,,3o,F,F,F,F,F,F,F,F,F,F,F,F,F,,
,,,,,2o,F,F,F,F,F,F,F,F,F,F,F,F,F,,
Players,Stacks,Scenario,Hero,Villain,,As,Ks,Qs,Js,Ts,9s,8s,7s,6s,5s,4s,3s,2s,,
6,100,vs 3bet,CO,SB,Ao,R,R,C,C,R,F,F,F,F,R,F,F,F,,
,,,,,Ko,R,R,C,C,R,F,F,F,F,F,F,F,F,,
,,,,,Qo,R,F,R,F,F,F,F,F,F,F,F,F,F,,
,,,,,Jo,F,F,F,R,C,F,F,F,F,F,F,F,F,,
,,,,,To,F,F,F,F,R,F,F,F,F,F,F,F,F,,
,,,,,9o,F,F,F,F,F,C,F,F,F,F,F,F,F,,
,,,,,8o,F,F,F,F,F,F,C,F,F,F,F,F,F,,
,,,,,7o,F,F,F,F,F,F,F,C,F,F,F,F,F,,
,,,,,6o,F,F,F,F,F,F,F,F,F,F,F,F,F,,
,,,,,5o,F,F,F,F,F,F,F,F,F,F,F,F,F,,
,,,,,4o,F,F,F,F,F,F,F,F,F,F,F,F,F,,
,,,,,3o,F,F,F,F,F,F,F,F,F,F,F,F,F,,
,,,,,2o,F,F,F,F,F,F,F,F,F,F,F,F,F,,
Players,Stacks,Scenario,Hero,Villain,,As,Ks,Qs,Js,Ts,9s,8s,7s,6s,5s,4s,3s,2s,,
6,100,vs 3bet,CO,BB,Ao,R,R,C,C,C,C,F,F,F,R,F,F,F,,
,,,,,Ko,R,R,C,C,C,F,F,F,F,F,F,F,F,,
,,,,,Qo,R,F,R,C,F,F,F,F,F,F,F,F,F,,
,,,,,Jo,F,F,F,R,C,F,F,F,F,F,F,F,F,,
,,,,,To,F,F,F,F,C,F,F,F,F,F,F,F,F,,
,,,,,9o,F,F,F,F,F,C,F,F,F,F,F,F,F,,
,,,,,8o,F,F,F,F,F,F,C,F,F,F,F,F,F,,
,,,,,7o,F,F,F,F,F,F,F,C,F,F,F,F,F,,
,,,,,6o,F,F,F,F,F,F,F,F,F,F,F,F,F,,
,,,,,5o,F,F,F,F,F,F,F,F,F,F,F,F,F,,
,,,,,4o,F,F,F,F,F,F,F,F,F,F,F,F,F,,
,,,,,3o,F,F,F,F,F,F,F,F,F,F,F,F,F,,
,,,,,2o,F,F,F,F,F,F,F,F,F,F,F,F,F,,
Players,Stacks,Scenario,Hero,Villain,,As,Ks,Qs,Js,Ts,9s,8s,7s,6s,5s,4s,3s,2s,,
6,100,vs 3bet,BTN,SB,Ao,R,R,R,C,C,R,R,F,F,R,F,F,F,,
,,,,,Ko,R,R,C,C,C,F,F,F,F,F,F,F,F,,
,,,,,Qo,R,F,R,C,C,F,F,F,F,F,F,F,F,,
,,,,,Jo,F,F,F,R,C,F,F,F,F,F,F,F,F,,
,,,,,To,F,F,F,F,R,C,F,F,F,F,F,F,F,,
,,,,,9o,F,F,F,F,F,C,C,F,F,F,F,F,F,,
,,,,,8o,F,F,F,F,F,F,C,F,F,F,F,F,F,,
,,,,,7o,F,F,F,F,F,F,F,C,F,F,F,F,F,,
,,,,,6o,F,F,F,F,F,F,F,F,F,F,F,F,F,,
,,,,,5o,F,F,F,F,F,F,F,F,F,F,F,F,F,,
,,,,,4o,F,F,F,F,F,F,F,F,F,F,F,F,F,,
,,,,,3o,F,F,F,F,F,F,F,F,F,F,F,F,F,,
,,,,,2o,F,F,F,F,F,F,F,F,F,F,F,F,F,,
Players,Stacks,Scenario,Hero,Villain,,As,Ks,Qs,Js,Ts,9s,8s,7s,6s,5s,4s,3s,2s,,
6,100,vs 3bet,BTN,BB,Ao,R,R,R,C,C,C,C,F,F,R,F,F,F,,
,,,,,Ko,R,R,C,C,C,C,F,F,F,F,F,F,F,,
,,,,,Qo,R,F,R,C,C,F,F,F,F,F,F,F,F,,
,,,,,Jo,F,F,F,R,C,F,F,F,F,F,F,F,F,,
,,,,,To,F,F,F,F,R,C,F,F,F,F,F,F,F,,
,,,,,9o,F,F,F,F,F,C,C,F,F,F,F,F,F,,
,,,,,8o,F,F,F,F,F,F,C,C,F,F,F,F,F,,
,,,,,7o,F,F,F,F,F,F,F,C,C,F,F,F,F,,
,,,,,6o,F,F,F,F,F,F,F,F,C,C,F,F,F,,
,,,,,5o,F,F,F,F,F,F,F,F,F,C,F,F,F,,
,,,,,4o,F,F,F,F,F,F,F,F,F,F,F,F,F,,
,,,,,3o,F,F,F,F,F,F,F,F,F,F,F,F,F,,
,,,,,2o,F,F,F,F,F,F,F,F,F,F,F,F,F,,
Players,Stacks,Scenario,Hero,Villain,,As,Ks,Qs,Js,Ts,9s,8s,7s,6s,5s,4s,3s,2s,,
6,100,vs 3bet,SB,BB,Ao,R,R,R,C,C,C,C,R,R,R,R,F,F,,
,,,,,Ko,R,R,C,C,C,C,F,F,F,F,F,F,F,,
,,,,,Qo,R,F,R,C,C,C,F,F,F,F,F,F,F,,
,,,,,Jo,R,F,F,R,C,C,F,F,F,F,F,F,F,,
,,,,,To,R,F,F,F,R,C,F,F,F,F,F,F,F,,
,,,,,9o,F,F,F,F,F,C,F,F,F,F,F,F,F,,
,,,,,8o,F,F,F,F,F,F,C,F,F,F,F,F,F,,
,,,,,7o,F,F,F,F,F,F,F,C,F,F,F,F,F,,
,,,,,6o,F,F,F,F,F,F,F,F,F,F,F,F,F,,
,,,,,5o,F,F,F,F,F,F,F,F,F,F,F,F,F,,
,,,,,4o,F,F,F,F,F,F,F,F,F,F,F,F,F,,
,,,,,3o,F,F,F,F,F,F,F,F,F,F,F,F,F,,
,,,,,2o,F,F,F,F,F,F,F,F,F,F,F,F,F,,
Players,Stacks,Scenario,Hero,Villain,,As,Ks,Qs,Js,Ts,9s,8s,7s,6s,5s,4s,3s,2s,,VS 4BET
6,100,vs 4bet,HJ,LJ,Ao,R,R,C,C,F,F,F,F,F,F,F,F,F,,
,,,,,Ko,R,R,C,F,F,F,F,F,F,F,F,F,F,,
,,,,,Qo,F,F,C,F,F,F,F,F,F,F,F,F,F,,
,,,,,Jo,F,F,F,C,F,F,F,F,F,F,F,F,F,,
,,,,,To,F,F,F,F,F,F,F,F,F,F,F,F,F,,
,,,,,9o,F,F,F,F,F,F,F,F,F,F,F,F,F,,
,,,,,8o,F,F,F,F,F,F,F,F,F,F,F,F,F,,
,,,,,7o,F,F,F,F,F,F,F,F,F,F,F,F,F,,
,,,,,6o,F,F,F,F,F,F,F,F,F,F,F,F,F,,
,,,,,5o,F,F,F,F,F,F,F,F,F,F,F,F,F,,
,,,,,4o,F,F,F,F,F,F,F,F,F,F,F,F,F,,
,,,,,3o,F,F,F,F,F,F,F,F,F,F,F,F,F,,
,,,,,2o,F,F,F,F,F,F,F,F,F,F,F,F,F,,
Players,Stacks,Scenario,Hero,Villain,,As,Ks,Qs,Js,Ts,9s,8s,7s,6s,5s,4s,3s,2s,,
6,100,vs 4bet,CO,LJ,Ao,R,R,C,C,F,F,F,F,F,F,F,F,F,,
,,,,,Ko,R,R,C,F,F,F,F,F,F,F,F,F,F,,
,,,,,Qo,F,F,C,F,F,F,F,F,F,F,F,F,F,,
,,,,,Jo,F,F,F,C,F,F,F,F,F,F,F,F,F,,
,,,,,To,F,F,F,F,F,F,F,F,F,F,F,F,F,,
,,,,,9o,F,F,F,F,F,F,F,F,F,F,F,F,F,,
,,,,,8o,F,F,F,F,F,F,F,F,F,F,F,F,F,,
,,,,,7o,F,F,F,F,F,F,F,F,F,F,F,F,F,,
,,,,,6o,F,F,F,F,F,F,F,F,F,F,F,F,F,,
,,,,,5o,F,F,F,F,F,F,F,F,F,F,F,F,F,,
,,,,,4o,F,F,F,F,F,F,F,F,F,F,F,F,F,,
,,,,,3o,F,F,F,F,F,F,F,F,F,F,F,F,F,,
,,,,,2o,F,F,F,F,F,F,F,F,F,F,F,F,F,,
Players,Stacks,Scenario,Hero,Villain,,As,Ks,Qs,Js,Ts,9s,8s,7s,6s,5s,4s,3s,2s,,
6,100,vs 4bet,CO,HJ,Ao,R,R,C,C,F,F,F,F,F,F,F,F,F,,
,,,,,Ko,R,R,C,C,F,F,F,F,F,F,F,F,F,,
,,,,,Qo,F,F,C,F,F,F,F,F,F,F,F,F,F,,
,,,,,Jo,F,F,F,C,F,F,F,F,F,F,F,F,F,,
,,,,,To,F,F,F,F,C,F,F,F,F,F,F,F,F,,
,,,,,9o,F,F,F,F,F,F,F,F,F,F,F,F,F,,
,,,,,8o,F,F,F,F,F,F,F,F,F,F,F,F,F,,
,,,,,7o,F,F,F,F,F,F,F,F,F,F,F,F,F,,
,,,,,6o,F,F,F,F,F,F,F,F,F,F,F,F,F,,
,,,,,5o,F,F,F,F,F,F,F,F,F,F,F,F,F,,
,,,,,4o,F,F,F,F,F,F,F,F,F,F,F,F,F,,
,,,,,3o,F,F,F,F,F,F,F,F,F,F,F,F,F,,
,,,,,2o,F,F,F,F,F,F,F,F,F,F,F,F,F,,
Players,Stacks,Scenario,Hero,Villain,,As,Ks,Qs,Js,Ts,9s,8s,7s,6s,5s,4s,3s,2s,,
6,100,vs 4bet,BTN,LJ,Ao,R,R,C,C,F,F,F,F,F,F,F,F,F,,
,,,,,Ko,R,R,C,F,F,F,F,F,F,F,F,F,F,,
,,,,,Qo,F,F,C,F,F,F,F,F,F,F,F,F,F,,
,,,,,Jo,F,F,F,C,F,F,F,F,F,F,F,F,F,,
,,,,,To,F,F,F,F,F,F,F,F,F,F,F,F,F,,
,,,,,9o,F,F,F,F,F,F,F,F,F,F,F,F,F,,
,,,,,8o,F,F,F,F,F,F,F,F,F,F,F,F,F,,
,,,,,7o,F,F,F,F,F,F,F,F,F,F,F,F,F,,
,,,,,6o,F,F,F,F,F,F,F,F,F,F,F,F,F,,
,,,,,5o,F,F,F,F,F,F,F,F,F,F,F,F,F,,
,,,,,4o,F,F,F,F,F,F,F,F,F,F,F,F,F,,
,,,,,3o,F,F,F,F,F,F,F,F,F,F,F,F,F,,
,,,,,2o,F,F,F,F,F,F,F,F,F,F,F,F,F,,
Players,Stacks,Scenario,Hero,Villain,,As,Ks,Qs,Js,Ts,9s,8s,7s,6s,5s,4s,3s,2s,,
6,100,vs 4bet,BTN,HJ,Ao,R,R,C,C,F,F,F,F,F,F,F,F,F,,
,,,,,Ko,R,R,C,C,F,F,F,F,F,F,F,F,F,,
,,,,,Qo,F,F,R,F,F,F,F,F,F,F,F,F,F,,
,,,,,Jo,F,F,F,C,F,F,F,F,F,F,F,F,F,,
,,,,,To,F,F,F,F,C,F,F,F,F,F,F,F,F,,
,,,,,9o,F,F,F,F,F,F,F,F,F,F,F,F,F,,
,,,,,8o,F,F,F,F,F,F,F,F,F,F,F,F,F,,
,,,,,7o,F,F,F,F,F,F,F,F,F,F,F,F,F,,
,,,,,6o,F,F,F,F,F,F,F,F,F,F,F,F,F,,
,,,,,5o,F,F,F,F,F,F,F,F,F,F,F,F,F,,
,,,,,4o,F,F,F,F,F,F,F,F,F,F,F,F,F,,
,,,,,3o,F,F,F,F,F,F,F,F,F,F,F,F,F,,
,,,,,2o,F,F,F,F,F,F,F,F,F,F,F,F,F,,
Players,Stacks,Scenario,Hero,Villain,,As,Ks,Qs,Js,Ts,9s,8s,7s,6s,5s,4s,3s,2s,,
6,100,vs 4bet,BTN,CO,Ao,C,R,C,C,C,F,F,F,F,R,F,F,F,,
,,,,,Ko,R,R,C,C,C,F,F,F,F,F,F,F,F,,
,,,,,Qo,F,F,R,F,F,F,F,F,F,F,F,F,F,,
,,,,,Jo,F,F,F,R,F,F,F,F,F,F,F,F,F,,
,,,,,To,F,F,F,F,C,F,F,F,F,F,F,F,F,,
,,,,,9o,F,F,F,F,F,F,F,F,F,F,F,F,F,,
,,,,,8o,F,F,F,F,F,F,F,F,F,F,F,F,F,,
,,,,,7o,F,F,F,F,F,F,F,F,F,F,F,F,F,,
,,,,,6o,F,F,F,F,F,F,F,F,F,F,F,F,F,,
,,,,,5o,F,F,F,F,F,F,F,F,F,F,F,F,F,,
,,,,,4o,F,F,F,F,F,F,F,F,F,F,F,F,F,,
,,,,,3o,F,F,F,F,F,F,F,F,F,F,F,F,F,,
,,,,,2o,F,F,F,F,F,F,F,F,F,F,F,F,F,,
Players,Stacks,Scenario,Hero,Villain,,As,Ks,Qs,Js,Ts,9s,8s,7s,6s,5s,4s,3s,2s,,
6,100,vs 4bet,SB,LJ,Ao,R,R,C,C,F,F,F,F,F,F,F,F,F,,
,,,,,Ko,R,R,C,F,F,F,F,F,F,F,F,F,F,,
,,,,,Qo,F,F,C,F,F,F,F,F,F,F,F,F,F,,
,,,,,Jo,F,F,F,C,F,F,F,F,F,F,F,F,F,,
,,,,,To,F,F,F,F,F,F,F,F,F,F,F,F,F,,
,,,,,9o,F,F,F,F,F,F,F,F,F,F,F,F,F,,
,,,,,8o,F,F,F,F,F,F,F,F,F,F,F,F,F,,
,,,,,7o,F,F,F,F,F,F,F,F,F,F,F,F,F,,
,,,,,6o,F,F,F,F,F,F,F,F,F,F,F,F,F,,
,,,,,5o,F,F,F,F,F,F,F,F,F,F,F,F,F,,
,,,,,4o,F,F,F,F,F,F,F,F,F,F,F,F,F,,
,,,,,3o,F,F,F,F,F,F,F,F,F,F,F,F,F,,
,,,,,2o,F,F,F,F,F,F,F,F,F,F,F,F,F,,
Players,Stacks,Scenario,Hero,Villain,,As,Ks,Qs,Js,Ts,9s,8s,7s,6s,5s,4s,3s,2s,,
6,100,vs 4bet,SB,HJ,Ao,R,R,C,C,F,F,F,F,F,R,F,F,F,,
,,,,,Ko,R,R,C,C,F,F,F,F,F,F,F,F,F,,
,,,,,Qo,F,F,R,F,F,F,F,F,F,F,F,F,F,,
,,,,,Jo,F,F,F,C,F,F,F,F,F,F,F,F,F,,
,,,,,To,F,F,F,F,C,F,F,F,F,F,F,F,F,,
,,,,,9o,F,F,F,F,F,F,F,F,F,F,F,F,F,,
,,,,,8o,F,F,F,F,F,F,F,F,F,F,F,F,F,,
,,,,,7o,F,F,F,F,F,F,F,F,F,F,F,F,F,,
,,,,,6o,F,F,F,F,F,F,F,F,F,F,F,F,F,,
,,,,,5o,F,F,F,F,F,F,F,F,F,F,F,F,F,,
,,,,,4o,F,F,F,F,F,F,F,F,F,F,F,F,F,,
,,,,,3o,F,F,F,F,F,F,F,F,F,F,F,F,F,,
,,,,,2o,F,F,F,F,F,F,F,F,F,F,F,F,F,,
Players,Stacks,Scenario,Hero,Villain,,As,Ks,Qs,Js,Ts,9s,8s,7s,6s,5s,4s,3s,2s,,
6,100,vs 4bet,SB,CO,Ao,R,R,C,C,F,F,F,F,F,R,F,F,F,,
,,,,,Ko,R,R,C,F,F,F,F,F,F,F,F,F,F,,
,,,,,Qo,F,F,R,F,F,F,F,F,F,F,F,F,F,,
,,,,,Jo,F,F,F,R,F,F,F,F,F,F,F,F,F,,
,,,,,To,F,F,F,F,R,F,F,F,F,F,F,F,F,,
,,,,,9o,F,F,F,F,F,C,F,F,F,F,F,F,F,,
,,,,,8o,F,F,F,F,F,F,F,F,F,F,F,F,F,,
,,,,,7o,F,F,F,F,F,F,F,F,F,F,F,F,F,,
,,,,,6o,F,F,F,F,F,F,F,F,F,F,F,F,F,,
,,,,,5o,F,F,F,F,F,F,F,F,F,F,F,F,F,,
,,,,,4o,F,F,F,F,F,F,F,F,F,F,F,F,F,,
,,,,,3o,F,F,F,F,F,F,F,F,F,F,F,F,F,,
,,,,,2o,F,F,F,F,F,F,F,F,F,F,F,F,F,,
Players,Stacks,Scenario,Hero,Villain,,As,Ks,Qs,Js,Ts,9s,8s,7s,6s,5s,4s,3s,2s,,
6,100,vs 4bet,SB,BTN,Ao,R,R,R,C,C,F,F,F,F,R,F,F,F,,
,,,,,Ko,R,R,C,F,F,F,F,F,F,F,F,F,F,,
,,,,,Qo,R,F,R,F,F,F,F,F,F,F,F,F,F,,
,,,,,Jo,F,F,F,R,F,F,F,F,F,F,F,F,F,,
,,,,,To,F,F,F,F,R,F,F,F,F,F,F,F,F,,
,,,,,9o,F,F,F,F,F,C,F,F,F,F,F,F,F,,
,,,,,8o,F,F,F,F,F,F,C,F,F,F,F,F,F,,
,,,,,7o,F,F,F,F,F,F,F,F,F,F,F,F,F,,
,,,,,6o,F,F,F,F,F,F,F,F,F,F,F,F,F,,
,,,,,5o,F,F,F,F,F,F,F,F,F,F,F,F,F,,
,,,,,4o,F,F,F,F,F,F,F,F,F,F,F,F,F,,
,,,,,3o,F,F,F,F,F,F,F,F,F,F,F,F,F,,
,,,,,2o,F,F,F,F,F,F,F,F,F,F,F,F,F,,
Players,Stacks,Scenario,Hero,Villain,,As,Ks,Qs,Js,Ts,9s,8s,7s,6s,5s,4s,3s,2s,,
6,100,vs 4bet,BB,LJ,Ao,R,R,C,F,F,F,F,F,F,F,F,F,F,,
,,,,,Ko,R,R,F,F,F,F,F,F,F,F,F,F,F,,
,,,,,Qo,F,F,C,F,F,F,F,F,F,F,F,F,F,,
,,,,,Jo,F,F,F,F,F,F,F,F,F,F,F,F,F,,
,,,,,To,F,F,F,F,F,F,F,F,F,F,F,F,F,,
,,,,,9o,F,F,F,F,F,F,F,F,F,F,F,F,F,,
,,,,,8o,F,F,F,F,F,F,F,F,F,F,F,F,F,,
,,,,,7o,F,F,F,F,F,F,F,F,F,F,F,F,F,,
,,,,,6o,F,F,F,F,F,F,F,F,F,F,F,F,F,,
,,,,,5o,F,F,F,F,F,F,F,F,F,F,F,F,F,,
,,,,,4o,F,F,F,F,F,F,F,F,F,F,F,F,F,,
,,,,,3o,F,F,F,F,F,F,F,F,F,F,F,F,F,,
,,,,,2o,F,F,F,F,F,F,F,F,F,F,F,F,F,,
Players,Stacks,Scenario,Hero,Villain,,As,Ks,Qs,Js,Ts,9s,8s,7s,6s,5s,4s,3s,2s,,
6,100,vs 4bet,BB,HJ,Ao,R,R,C,F,F,F,F,F,F,F,F,F,F,,
,,,,,Ko,R,R,F,F,F,F,F,F,F,F,F,F,F,,
,,,,,Qo,F,F,R,F,F,F,F,F,F,F,F,F,F,,
,,,,,Jo,F,F,F,C,F,F,F,F,F,F,F,F,F,,
,,,,,To,F,F,F,F,F,F,F,F,F,F,F,F,F,,
,,,,,9o,F,F,F,F,F,F,F,F,F,F,F,F,F,,
,,,,,8o,F,F,F,F,F,F,F,F,F,F,F,F,F,,
,,,,,7o,F,F,F,F,F,F,F,F,F,F,F,F,F,,
,,,,,6o,F,F,F,F,F,F,F,F,F,F,F,F,F,,
,,,,,5o,F,F,F,F,F,F,F,F,F,F,F,F,F,,
,,,,,4o,F,F,F,F,F,F,F,F,F,F,F,F,F,,
,,,,,3o,F,F,F,F,F,F,F,F,F,F,F,F,F,,
,,,,,2o,F,F,F,F,F,F,F,F,F,F,F,F,F,,
Players,Stacks,Scenario,Hero,Villain,,As,Ks,Qs,Js,Ts,9s,8s,7s,6s,5s,4s,3s,2s,,
6,100,vs 4bet,BB,HJ,Ao,R,R,C,F,F,F,F,F,F,F,F,F,F,,
,,,,,Ko,R,R,F,F,F,F,F,F,F,F,F,F,F,,
,,,,,Qo,F,F,R,F,F,F,F,F,F,F,F,F,F,,
,,,,,Jo,F,F,F,R,F,F,F,F,F,F,F,F,F,,
,,,,,To,F,F,F,F,F,F,F,F,F,F,F,F,F,,
,,,,,9o,F,F,F,F,F,F,F,F,F,F,F,F,F,,
,,,,,8o,F,F,F,F,F,F,F,F,F,F,F,F,F,,
,,,,,7o,F,F,F,F,F,F,F,F,F,F,F,F,F,,
,,,,,6o,F,F,F,F,F,F,F,F,F,F,F,F,F,,
,,,,,5o,F,F,F,F,F,F,F,F,F,F,F,F,F,,
,,,,,4o,F,F,F,F,F,F,F,F,F,F,F,F,F,,
,,,,,3o,F,F,F,F,F,F,F,F,F,F,F,F,F,,
,,,,,2o,F,F,F,F,F,F,F,F,F,F,F,F,F,,
Players,Stacks,Scenario,Hero,Villain,,As,Ks,Qs,Js,Ts,9s,8s,7s,6s,5s,4s,3s,2s,,
6,100,vs 4bet,BB,HJ,Ao,R,R,R,C,F,F,F,F,F,R,R,F,F,,
,,,,,Ko,R,R,C,F,F,F,F,F,F,F,F,F,F,,
,,,,,Qo,C,F,R,F,F,F,F,F,F,F,F,F,F,,
,,,,,Jo,F,F,F,R,F,F,F,F,F,F,F,F,F,,
,,,,,To,F,F,F,F,R,F,F,F,F,F,F,F,F,,
,,,,,9o,F,F,F,F,F,C,F,F,F,F,F,F,F,,
,,,,,8o,F,F,F,F,F,F,F,F,F,F,F,F,F,,
,,,,,7o,F,F,F,F,F,F,F,F,F,F,F,F,F,,
,,,,,6o,F,F,F,F,F,F,F,F,F,F,F,F,F,,
,,,,,5o,F,F,F,F,F,F,F,F,F,F,F,F,F,,
,,,,,4o,F,F,F,F,F,F,F,F,F,F,F,F,F,,
,,,,,3o,F,F,F,F,F,F,F,F,F,F,F,F,F,,
,,,,,2o,F,F,F,F,F,F,F,F,F,F,F,F,F,,
Players,Stacks,Scenario,Hero,Villain,,As,Ks,Qs,Js,Ts,9s,8s,7s,6s,5s,4s,3s,2s,,
6,100,vs 4bet,BB,HJ,Ao,C,R,C,C,C,F,F,F,F,R,R,F,F,,
,,,,,Ko,R,R,C,C,C,F,F,F,F,F,F,F,F,,
,,,,,Qo,R,F,R,C,F,F,F,F,F,F,F,F,F,,
,,,,,Jo,F,F,F,R,F,F,F,F,F,F,F,F,F,,
,,,,,To,F,F,F,F,R,F,F,F,F,F,F,F,F,,
,,,,,9o,F,F,F,F,F,F,F,F,F,F,F,F,F,,
,,,,,8o,F,F,F,F,F,F,F,F,F,F,F,F,F,,
,,,,,7o,F,F,F,F,F,F,F,F,F,F,F,F,F,,
,,,,,6o,F,F,F,F,F,F,F,F,F,F,F,F,F,,
,,,,,5o,F,F,F,F,F,F,F,F,F,F,F,F,F,,
,,,,,4o,F,F,F,F,F,F,F,F,F,F,F,F,F,,
,,,,,3o,F,F,F,F,F,F,F,F,F,F,F,F,F,,
,,,,,2o,F,F,F,F,F,F,F,F,F,F,F,F,F,,
Players,Stacks,Scenario,Hero,Villain,,As,Ks,Qs,Js,Ts,9s,8s,7s,6s,5s,4s,3s,2s,,VS 5BET
6,100,vs 5bet,LJ,HJ,Ao,C,C,F,F,F,F,F,F,F,F,F,F,F,,
,,,,,Ko,C,C,F,F,F,F,F,F,F,F,F,F,F,,
,,,,,Qo,F,F,F,F,F,F,F,F,F,F,F,F,F,,
,,,,,Jo,F,F,F,F,F,F,F,F,F,F,F,F,F,,
,,,,,To,F,F,F,F,F,F,F,F,F,F,F,F,F,,
,,,,,9o,F,F,F,F,F,F,F,F,F,F,F,F,F,,
,,,,,8o,F,F,F,F,F,F,F,F,F,F,F,F,F,,
,,,,,7o,F,F,F,F,F,F,F,F,F,F,F,F,F,,
,,,,,6o,F,F,F,F,F,F,F,F,F,F,F,F,F,,
,,,,,5o,F,F,F,F,F,F,F,F,F,F,F,F,F,,
,,,,,4o,F,F,F,F,F,F,F,F,F,F,F,F,F,,
,,,,,3o,F,F,F,F,F,F,F,F,F,F,F,F,F,,
,,,,,2o,F,F,F,F,F,F,F,F,F,F,F,F,F,,
Players,Stacks,Scenario,Hero,Villain,,As,Ks,Qs,Js,Ts,9s,8s,7s,6s,5s,4s,3s,2s,,
6,100,vs 5bet,LJ,CO,Ao,C,C,F,F,F,F,F,F,F,F,F,F,F,,
,,,,,Ko,C,C,F,F,F,F,F,F,F,F,F,F,F,,
,,,,,Qo,F,F,F,F,F,F,F,F,F,F,F,F,F,,
,,,,,Jo,F,F,F,F,F,F,F,F,F,F,F,F,F,,
,,,,,To,F,F,F,F,F,F,F,F,F,F,F,F,F,,
,,,,,9o,F,F,F,F,F,F,F,F,F,F,F,F,F,,
,,,,,8o,F,F,F,F,F,F,F,F,F,F,F,F,F,,
,,,,,7o,F,F,F,F,F,F,F,F,F,F,F,F,F,,
,,,,,6o,F,F,F,F,F,F,F,F,F,F,F,F,F,,
,,,,,5o,F,F,F,F,F,F,F,F,F,F,F,F,F,,
,,,,,4o,F,F,F,F,F,F,F,F,F,F,F,F,F,,
,,,,,3o,F,F,F,F,F,F,F,F,F,F,F,F,F,,
,,,,,2o,F,F,F,F,F,F,F,F,F,F,F,F,F,,
Players,Stacks,Scenario,Hero,Villain,,As,Ks,Qs,Js,Ts,9s,8s,7s,6s,5s,4s,3s,2s,,
6,100,vs 5bet,LJ,BTN,Ao,C,C,F,F,F,F,F,F,F,F,F,F,F,,
,,,,,Ko,C,C,F,F,F,F,F,F,F,F,F,F,F,,
,,,,,Qo,F,F,F,F,F,F,F,F,F,F,F,F,F,,
,,,,,Jo,F,F,F,F,F,F,F,F,F,F,F,F,F,,
,,,,,To,F,F,F,F,F,F,F,F,F,F,F,F,F,,
,,,,,9o,F,F,F,F,F,F,F,F,F,F,F,F,F,,
,,,,,8o,F,F,F,F,F,F,F,F,F,F,F,F,F,,
,,,,,7o,F,F,F,F,F,F,F,F,F,F,F,F,F,,
,,,,,6o,F,F,F,F,F,F,F,F,F,F,F,F,F,,
,,,,,5o,F,F,F,F,F,F,F,F,F,F,F,F,F,,
,,,,,4o,F,F,F,F,F,F,F,F,F,F,F,F,F,,
,,,,,3o,F,F,F,F,F,F,F,F,F,F,F,F,F,,
,,,,,2o,F,F,F,F,F,F,F,F,F,F,F,F,F,,
Players,Stacks,Scenario,Hero,Villain,,As,Ks,Qs,Js,Ts,9s,8s,7s,6s,5s,4s,3s,2s,,
6,100,vs 5bet,LJ,SB,Ao,C,C,F,F,F,F,F,F,F,F,F,F,F,,
,,,,,Ko,C,C,F,F,F,F,F,F,F,F,F,F,F,,
,,,,,Qo,F,F,F,F,F,F,F,F,F,F,F,F,F,,
,,,,,Jo,F,F,F,F,F,F,F,F,F,F,F,F,F,,
,,,,,To,F,F,F,F,F,F,F,F,F,F,F,F,F,,
,,,,,9o,F,F,F,F,F,F,F,F,F,F,F,F,F,,
,,,,,8o,F,F,F,F,F,F,F,F,F,F,F,F,F,,
,,,,,7o,F,F,F,F,F,F,F,F,F,F,F,F,F,,
,,,,,6o,F,F,F,F,F,F,F,F,F,F,F,F,F,,
,,,,,5o,F,F,F,F,F,F,F,F,F,F,F,F,F,,
,,,,,4o,F,F,F,F,F,F,F,F,F,F,F,F,F,,
,,,,,3o,F,F,F,F,F,F,F,F,F,F,F,F,F,,
,,,,,2o,F,F,F,F,F,F,F,F,F,F,F,F,F,,
Players,Stacks,Scenario,Hero,Villain,,As,Ks,Qs,Js,Ts,9s,8s,7s,6s,5s,4s,3s,2s,,
6,100,vs 5bet,LJ,BB,Ao,C,C,F,F,F,F,F,F,F,F,F,F,F,,
,,,,,Ko,C,C,F,F,F,F,F,F,F,F,F,F,F,,
,,,,,Qo,F,F,F,F,F,F,F,F,F,F,F,F,F,,
,,,,,Jo,F,F,F,F,F,F,F,F,F,F,F,F,F,,
,,,,,To,F,F,F,F,F,F,F,F,F,F,F,F,F,,
,,,,,9o,F,F,F,F,F,F,F,F,F,F,F,F,F,,
,,,,,8o,F,F,F,F,F,F,F,F,F,F,F,F,F,,
,,,,,7o,F,F,F,F,F,F,F,F,F,F,F,F,F,,
,,,,,6o,F,F,F,F,F,F,F,F,F,F,F,F,F,,
,,,,,5o,F,F,F,F,F,F,F,F,F,F,F,F,F,,
,,,,,4o,F,F,F,F,F,F,F,F,F,F,F,F,F,,
,,,,,3o,F,F,F,F,F,F,F,F,F,F,F,F,F,,
,,,,,2o,F,F,F,F,F,F,F,F,F,F,F,F,F,,
Players,Stacks,Scenario,Hero,Villain,,As,Ks,Qs,Js,Ts,9s,8s,7s,6s,5s,4s,3s,2s,,
6,100,vs 5bet,HJ,CO,Ao,C,C,F,F,F,F,F,F,F,F,F,F,F,,
,,,,,Ko,C,C,F,F,F,F,F,F,F,F,F,F,F,,
,,,,,Qo,F,F,C,F,F,F,F,F,F,F,F,F,F,,
,,,,,Jo,F,F,F,F,F,F,F,F,F,F,F,F,F,,
,,,,,To,F,F,F,F,F,F,F,F,F,F,F,F,F,,
,,,,,9o,F,F,F,F,F,F,F,F,F,F,F,F,F,,
,,,,,8o,F,F,F,F,F,F,F,F,F,F,F,F,F,,
,,,,,7o,F,F,F,F,F,F,F,F,F,F,F,F,F,,
,,,,,6o,F,F,F,F,F,F,F,F,F,F,F,F,F,,
,,,,,5o,F,F,F,F,F,F,F,F,F,F,F,F,F,,
,,,,,4o,F,F,F,F,F,F,F,F,F,F,F,F,F,,
,,,,,3o,F,F,F,F,F,F,F,F,F,F,F,F,F,,
,,,,,2o,F,F,F,F,F,F,F,F,F,F,F,F,F,,
Players,Stacks,Scenario,Hero,Villain,,As,Ks,Qs,Js,Ts,9s,8s,7s,6s,5s,4s,3s,2s,,
6,100,vs 5bet,HJ,BTN,Ao,C,C,F,F,F,F,F,F,F,F,F,F,F,,
,,,,,Ko,C,C,F,F,F,F,F,F,F,F,F,F,F,,
,,,,,Qo,F,F,C,F,F,F,F,F,F,F,F,F,F,,
,,,,,Jo,F,F,F,F,F,F,F,F,F,F,F,F,F,,
,,,,,To,F,F,F,F,F,F,F,F,F,F,F,F,F,,
,,,,,9o,F,F,F,F,F,F,F,F,F,F,F,F,F,,
,,,,,8o,F,F,F,F,F,F,F,F,F,F,F,F,F,,
,,,,,7o,F,F,F,F,F,F,F,F,F,F,F,F,F,,
,,,,,6o,F,F,F,F,F,F,F,F,F,F,F,F,F,,
,,,,,5o,F,F,F,F,F,F,F,F,F,F,F,F,F,,
,,,,,4o,F,F,F,F,F,F,F,F,F,F,F,F,F,,
,,,,,3o,F,F,F,F,F,F,F,F,F,F,F,F,F,,
,,,,,2o,F,F,F,F,F,F,F,F,F,F,F,F,F,,
